{"cameraMode":{"drawMode":0,"name":"Shaded","section":"Shading Mode"},"sceneLighting":true,"audioPlay":false,"sceneViewState":{"showFog":true,"showMaterialUpdate":false,"showSkybox":true,"showFlares":true,"showImageEffects":true,"showParticleSystems":true},"in2DMode":false,"pivot":{"x":-41.33509826660156,"y":6.732137680053711,"z":35.11281967163086},"rotation":{"x":-0.3172631561756134,"y":0.39437294006347659,"z":-0.14723561704158784,"w":-0.8497857451438904},"size":0.24042731523513795,"orthographic":false}