{"cameraMode":{"drawMode":0,"name":"Shaded","section":"Shading Mode"},"sceneLighting":true,"audioPlay":false,"sceneViewState":{"showFog":true,"showMaterialUpdate":false,"showSkybox":true,"showFlares":true,"showImageEffects":true,"showParticleSystems":true},"in2DMode":false,"pivot":{"x":-1.3660082817077637,"y":4.518534183502197,"z":14.836162567138672},"rotation":{"x":-0.14189894497394563,"y":-0.07730572670698166,"z":0.011117570102214814,"w":-0.9867953062057495},"size":21.55638313293457,"orthographic":false}