{"cameraMode":{"drawMode":0,"name":"Shaded","section":"Shading Mode"},"sceneLighting":true,"audioPlay":false,"sceneViewState":{"showFog":true,"showMaterialUpdate":false,"showSkybox":true,"showFlares":true,"showImageEffects":true,"showParticleSystems":true},"in2DMode":false,"pivot":{"x":0.860785186290741,"y":5.682000160217285,"z":8.579999923706055},"rotation":{"x":0.6106020212173462,"y":0.028415368869900705,"z":-0.021933190524578096,"w":0.7911236882209778},"size":22.0,"orthographic":false}