{"cameraMode":{"drawMode":0,"name":"Shaded","section":"Shading Mode"},"sceneLighting":false,"audioPlay":false,"sceneViewState":{"showFog":true,"showMaterialUpdate":false,"showSkybox":false,"showFlares":true,"showImageEffects":true,"showParticleSystems":true},"in2DMode":false,"pivot":{"x":0.39870041608810427,"y":1.1801121234893799,"z":20.6766357421875},"rotation":{"x":0.13171735405921937,"y":-0.8443735241889954,"z":0.4594404399394989,"w":0.24207112193107606},"size":4.165676116943359,"orthographic":false}