{"cameraMode":{"drawMode":0,"name":"Shaded","section":"Shading Mode"},"sceneLighting":true,"audioPlay":false,"sceneViewState":{"showFog":true,"showMaterialUpdate":false,"showSkybox":true,"showFlares":true,"showImageEffects":true,"showParticleSystems":true},"in2DMode":false,"pivot":{"x":0.3104976415634155,"y":2.693382978439331,"z":9.160465240478516},"rotation":{"x":-0.27142220735549929,"y":0.4664793610572815,"z":-0.1529410034418106,"w":-0.827850341796875},"size":2.483067274093628,"orthographic":false}