{"cameraMode":{"drawMode":0,"name":"Shaded","section":"Shading Mode"},"sceneLighting":true,"audioPlay":false,"sceneViewState":{"showFog":true,"showMaterialUpdate":false,"showSkybox":true,"showFlares":true,"showImageEffects":true,"showParticleSystems":true},"in2DMode":false,"pivot":{"x":233.93589782714845,"y":-5.511955261230469,"z":106.47416687011719},"rotation":{"x":-0.02260299026966095,"y":-0.935386061668396,"z":0.3476245105266571,"w":-0.060821592807769778},"size":133.47174072265626,"orthographic":false}