{"cameraMode":{"drawMode":0,"name":"Shaded","section":"Shading Mode"},"sceneLighting":true,"audioPlay":false,"sceneViewState":{"showFog":true,"showMaterialUpdate":false,"showSkybox":true,"showFlares":true,"showImageEffects":true,"showParticleSystems":true},"in2DMode":false,"pivot":{"x":-7.26993989944458,"y":6.953993797302246,"z":51.10503005981445},"rotation":{"x":-0.41932791471481326,"y":-0.515045166015625,"z":0.3195587992668152,"w":-0.6758512258529663},"size":17.502391815185548,"orthographic":false}