{"cameraMode":{"drawMode":0,"name":"Shaded","section":"Shading Mode"},"sceneLighting":false,"audioPlay":false,"sceneViewState":{"showFog":true,"showMaterialUpdate":false,"showSkybox":false,"showFlares":true,"showImageEffects":true,"showParticleSystems":true},"in2DMode":false,"pivot":{"x":0.6000000238418579,"y":0.9399999976158142,"z":-0.8400001525878906},"rotation":{"x":0.0019767095800489189,"y":-0.9073575735092163,"z":0.42033347487449648,"w":0.004263727460056543},"size":2.195936918258667,"orthographic":false}