{"cameraMode":{"drawMode":0,"name":"Shaded","section":"Shading Mode"},"sceneLighting":true,"audioPlay":false,"sceneViewState":{"showFog":true,"showMaterialUpdate":false,"showSkybox":true,"showFlares":true,"showImageEffects":true,"showParticleSystems":true},"in2DMode":false,"pivot":{"x":-45.67768859863281,"y":-6.548453330993652,"z":26.707170486450197},"rotation":{"x":-0.18721526861190797,"y":0.616174578666687,"z":-0.1539335697889328,"w":-0.7493890523910523},"size":40.1335563659668,"orthographic":false}