{"cameraMode":{"drawMode":0,"name":"Shaded","section":"Shading Mode"},"sceneLighting":true,"audioPlay":false,"sceneViewState":{"showFog":true,"showMaterialUpdate":false,"showSkybox":true,"showFlares":true,"showImageEffects":true,"showParticleSystems":true},"in2DMode":false,"pivot":{"x":405.7209777832031,"y":272.0,"z":-0.45814430713653567},"rotation":{"x":-0.08268263190984726,"y":-0.03156670555472374,"z":0.0026214790996164085,"w":-0.9960724115371704},"size":693.70654296875,"orthographic":false}